dataset,algorithm,setting,k,r,n,seeds,macro_f1_best_mean,macro_f1_best_std,macro_f1_mean_mean,macro_f1_mean_std,mia_auc_mean,mia_auc_std,trajectory_l1_mean,trajectory_l1_std,label_l1_mean,label_l1_std,target_exposure_mean,target_exposure_std,solve_time_sec_mean,solve_time_sec_std
20newsgroups,d-federaser,AS,1,,3,"42,43,44",0.2339537437757252,0.09894729187396853,0.2339537437757252,0.09894729187396853,0.520606807316228,0.06505481848547484,2.081831849028232,0.10431259998274059,0.7722622920193936,0.06884663819149883,0.12419044010015405,0.1318998355879666,0.01584513982137044,0.0018957041126349285
20newsgroups,d-federaser,AS,2,,3,"42,43,44",0.3838873923349214,0.028925028709308204,0.3838873923349214,0.028925028709308204,0.5073355338945785,0.03198968012357312,1.1143518887192545,0.07527492449982648,0.5176195306105046,0.017025424918577364,0.1310730635364205,0.08264562586058682,0.2000570297241211,0.015641535323082028
20newsgroups,d-federaser,AS,3,,3,"42,43,44",0.3841548850759377,0.024478846722378763,0.38415488507593776,0.02447884672237876,0.5110241119307903,0.004032382754557858,0.8095863240339504,0.06454323570886872,0.39829066236055677,0.03155856380214364,0.16690544432771365,0.07253771140343489,0.23536976178487143,0.032566152039221426
20newsgroups,d-federaser,AS,4,,3,"42,43,44",0.46829441800030036,0.023371334866521952,0.4315060925387012,0.038022897027052145,0.5162016401456915,0.02695984918940134,0.6125755987468674,0.06890445981630446,0.24499125337156585,0.02808034008744505,0.15380060753169855,0.051436576126419276,0.24555659294128418,0.035981814667061664
20newsgroups,d-federaser,AS,5,,3,"42,43,44",0.4385916860916861,0.04502416896336112,0.4086864275311128,0.04093413625672645,0.5210234843538691,0.022625102035991534,0.43677973502357736,0.006068304311647626,0.20172050120484977,0.011665690174078374,0.12892537585667374,0.06196662727527221,0.22144452730814615,0.03466576507473921
20newsgroups,d-federaser,AS,6,,3,"42,43,44",0.44134488297531776,0.03424935140905743,0.3967436771251944,0.021350264246883792,0.50561641988002,0.005827407190177424,0.3432411094332544,0.038339508080612206,0.14326661465807217,0.01796280249204623,0.116856363967115,0.027837653103649593,0.18433904647827148,0.03422750728541955
20newsgroups,d-federaser,AS,7,,3,"42,43,44",0.4294435412655227,0.056514320228205336,0.3832079876919614,0.03570302842436044,0.522297586156814,0.0154927364205435,0.22017089808382223,0.05250970356196759,0.12127832824761127,0.01738936289813555,0.10563011161633463,0.028066457060894064,0.11983672777811687,0.005936109877321236
20newsgroups,d-federaser,AS,8,,3,"42,43,44",0.42693606416516633,0.025769788837273228,0.3758536333897091,0.02446939447951239,0.5292598099845999,0.0014306791413908884,0.14949868236257724,0.036503270792561014,0.0730178118563928,0.011044526315460521,0.11471318691281021,0.028771767629702575,0.09020527203877766,0.014100330783290862
20newsgroups,d-federaser,AS,9,,3,"42,43,44",0.46330099553009774,0.06595887193561764,0.38831289227665305,0.0311156510292913,0.5285335151249938,0.008791696439159849,2.1206994493816467e-15,1.600457201381835e-15,9.853229343548264e-16,8.505359404188939e-16,0.11558977233808167,0.022893532930897968,0.005269368489583333,0.0004030710042176505
20newsgroups,d-federaser,LS,,0.1,3,"42,43,44",0.38502614926363193,0.036441060801994225,0.2889293078936812,0.011789339532750687,0.5716320942695703,0.03352327536572364,,,,,,,,
20newsgroups,d-federaser,LS,,0.2,3,"42,43,44",0.4184042589963643,0.03723074879419583,0.3703061016177683,0.03410187586167122,0.5527390080611368,0.017470127413631936,,,,,,,,
20newsgroups,d-federaser,LS,,0.3,3,"42,43,44",0.44764136448346975,0.05559186322766267,0.38530700999572426,0.04076375211106271,0.5369906601662461,0.014288830424281796,,,,,,,,
20newsgroups,d-federaser,LS,,0.4,3,"42,43,44",0.4763864911891228,0.012960572658621146,0.39235081075493433,0.02032890871775508,0.5366950572538071,0.016394940338190323,,,,,,,,
20newsgroups,d-federaser,LS,,0.5,3,"42,43,44",0.4757290476408124,0.021314995395453628,0.3981067099266937,0.031138178056751013,0.5330955242277666,0.011241660575366082,,,,,,,,
20newsgroups,d-federaser,LS,,0.6,3,"42,43,44",0.4714351226115932,0.013761001567645079,0.3973648695499413,0.01852068307343299,0.5366666248282053,0.0064201957027185405,,,,,,,,
20newsgroups,d-federaser,LS,,0.7,3,"42,43,44",0.4548527009053325,0.055370604707250866,0.39649280075977916,0.027814235308285563,0.5358177259916903,0.011868419616694638,,,,,,,,
20newsgroups,d-federaser,LS,,0.8,3,"42,43,44",0.44932948513898163,0.034235026608996647,0.3893444202577198,0.021367894661441657,0.5425157871052019,0.021206273506263796,,,,,,,,
20newsgroups,d-federaser,LS,,0.9,3,"42,43,44",0.4500056180203239,0.037151532893627076,0.3825069138659959,0.020328764634541568,0.5409508407296996,0.01802779516954894,,,,,,,,
20newsgroups,d-federaser,LS,,1.0,3,"42,43,44",0.44525523281328233,0.03237782470805728,0.38156557381947864,0.021633696142835085,0.5407470094186886,0.01752325562345163,,,,,,,,
20newsgroups,d-fedosd,AS,1,,3,"42,43,44",0.1589830724830725,0.11374334812057048,0.1589830724830725,0.11374334812057048,0.48825785497612123,0.0849914166340437,2.081831849028232,0.10431259998274059,0.7722622920193936,0.06884663819149883,0.12419044010015405,0.1318998355879666,0.016448418299357098,0.0007380595488933526
20newsgroups,d-fedosd,AS,2,,3,"42,43,44",0.3671698606786326,0.10443810884640652,0.3671698606786326,0.10443810884640652,0.5260053622725007,0.04044342467270731,1.1143518887192545,0.07527492449982648,0.5176195306105046,0.017025424918577364,0.1310730635364205,0.08264562586058682,0.19536749521891275,0.00918201372354767
20newsgroups,d-fedosd,AS,3,,3,"42,43,44",0.47485913052089523,0.04531873059476921,0.4726986366937348,0.04256770839077985,0.5799356425185704,0.03534475114640903,0.8095863240339504,0.06454323570886872,0.39829066236055677,0.03155856380214364,0.16690544432771365,0.07253771140343489,0.23426739374796549,0.03164569521407162
20newsgroups,d-fedosd,AS,4,,3,"42,43,44",0.41157957582109156,0.052743728558332065,0.365247706972349,0.049481230546962476,0.5498863420966473,0.03881600141295604,0.6125755987468674,0.06890445981630446,0.24499125337156585,0.02808034008744505,0.15380060753169855,0.051436576126419276,0.2913201649983724,0.06508978149137319
20newsgroups,d-fedosd,AS,5,,3,"42,43,44",0.4593275188863424,0.02485278173918241,0.40994472049615066,0.040017574760314936,0.5487257422905366,0.03422347106706671,0.43677973502357736,0.006068304311647626,0.20172050120484977,0.011665690174078374,0.12892537585667374,0.06196662727527221,0.2283167839050293,0.0396353546939216
20newsgroups,d-fedosd,AS,6,,3,"42,43,44",0.4719511287932341,0.04927829265556267,0.38785515869870846,0.026812851219027507,0.5662606137617194,0.03982630891202161,0.3432411094332544,0.038339508080612206,0.14326661465807217,0.01796280249204623,0.116856363967115,0.027837653103649593,0.18730950355529785,0.029418017647132023
20newsgroups,d-fedosd,AS,7,,3,"42,43,44",0.4895912513412514,0.04307810522102746,0.3855043757304861,0.035942081389908134,0.5616302387895236,0.06755107438911022,0.22017089808382223,0.05250970356196759,0.12127832824761127,0.01738936289813555,0.10563011161633463,0.028066457060894064,0.12230173746744792,0.01203236251435374
20newsgroups,d-fedosd,AS,8,,3,"42,43,44",0.47843111255515347,0.0318215538106325,0.3764352249561965,0.029493444844353726,0.5520524118738405,0.05567431858964744,0.14949868236257724,0.036503270792561014,0.0730178118563928,0.011044526315460521,0.11471318691281021,0.028771767629702575,0.08726565043131511,0.01046587298889565
20newsgroups,d-fedosd,AS,9,,3,"42,43,44",0.4505795674913322,0.02020499183766371,0.36684141838725204,0.020079228398851536,0.539069450214961,0.06021726057079694,2.1206994493816467e-15,1.600457201381835e-15,9.853229343548264e-16,8.505359404188939e-16,0.11558977233808167,0.022893532930897968,0.005563100179036458,0.0006876118120616969
20newsgroups,d-fedosd,LS,,0.1,3,"42,43,44",0.6025162582515523,0.02396333118192683,0.5634771968784696,0.01839772724309802,0.57960512221901,0.03333892498256217,,,,,,,,
20newsgroups,d-fedosd,LS,,0.2,3,"42,43,44",0.5944723588531637,0.01614220374132638,0.5456145223757882,0.0161240079635246,0.5705924510509502,0.029837494224704896,,,,,,,,
20newsgroups,d-fedosd,LS,,0.3,3,"42,43,44",0.5577040497628732,0.026807582148385443,0.48033651931288074,0.006607298481247021,0.5484553807346083,0.0331591928803105,,,,,,,,
20newsgroups,d-fedosd,LS,,0.4,3,"42,43,44",0.5693413476501712,0.015535438530956878,0.46870038907127093,0.008312188098151095,0.5491048909374134,0.04643517140310494,,,,,,,,
20newsgroups,d-fedosd,LS,,0.5,3,"42,43,44",0.5489408349934666,0.02014807655468813,0.46233835739367457,0.008795473339057435,0.5465778053202497,0.0491692575124908,,,,,,,,
20newsgroups,d-fedosd,LS,,0.6,3,"42,43,44",0.5302539220039221,0.008364037214905641,0.43273613550603257,0.010102844256693059,0.5483012450062428,0.05175530078870972,,,,,,,,
20newsgroups,d-fedosd,LS,,0.7,3,"42,43,44",0.47236283728219214,0.010903467360814727,0.3962549815664557,0.018988270005408477,0.5428661913108324,0.05314671925184649,,,,,,,,
20newsgroups,d-fedosd,LS,,0.8,3,"42,43,44",0.4686050882954908,0.02301048134812697,0.3833615464818333,0.024233229650804745,0.549175566026517,0.05605501260536583,,,,,,,,
20newsgroups,d-fedosd,LS,,0.9,3,"42,43,44",0.48129948591713306,0.02574435438976326,0.37630205189876,0.036233790730800935,0.5526322490718775,0.053159687849229614,,,,,,,,
20newsgroups,d-fedosd,LS,,1.0,3,"42,43,44",0.47414417447176066,0.026526751024945963,0.3723625548424635,0.03616437402950283,0.5514176359893594,0.05627538646597274,,,,,,,,
20newsgroups,d-fedrecovery,AS,1,,3,"42,43,44",0.2570903170903171,0.05047185632358904,0.2570903170903171,0.05047185632358904,0.5503331476131123,0.0020923943753302014,2.081831849028232,0.10431259998274059,0.7722622920193936,0.06884663819149883,0.12419044010015405,0.1318998355879666,0.019214391708374023,0.002912698928249598
20newsgroups,d-fedrecovery,AS,2,,3,"42,43,44",0.31677398624767045,0.015948967062652385,0.31677398624767045,0.015948967062652385,0.5444283933669161,0.043784411947439435,1.1143518887192545,0.07527492449982648,0.5176195306105046,0.017025424918577364,0.1310730635364205,0.08264562586058682,0.19152124722798666,0.004385014445582778
20newsgroups,d-fedrecovery,AS,3,,3,"42,43,44",0.3878035928496455,0.11403047614472012,0.3874043819241188,0.11346643188978359,0.5515532741538933,0.04357038871820283,0.8095863240339504,0.06454323570886872,0.39829066236055677,0.03155856380214364,0.16690544432771365,0.07253771140343489,0.2470400333404541,0.031257216557140546
20newsgroups,d-fedrecovery,AS,4,,3,"42,43,44",0.39991239267555057,0.025734546646361118,0.37135127133737045,0.03752234146312071,0.5627375511608153,0.06379832838306387,0.6125755987468674,0.06890445981630446,0.24499125337156585,0.02808034008744505,0.15380060753169855,0.051436576126419276,0.24445533752441406,0.0332547882561855
20newsgroups,d-fedrecovery,AS,5,,3,"42,43,44",0.5172398879643462,0.00505826022744331,0.4185899972019167,0.03191593397825314,0.5301603193111375,0.032248981476670435,0.43677973502357736,0.006068304311647626,0.20172050120484977,0.011665690174078374,0.12892537585667374,0.06196662727527221,0.23032100995381674,0.03931564691434793
20newsgroups,d-fedrecovery,AS,6,,3,"42,43,44",0.49642620179384883,0.014355662470905285,0.42910130591796364,0.019269046863585625,0.5340909090909091,0.025606076530979977,0.3432411094332544,0.038339508080612206,0.14326661465807217,0.01796280249204623,0.116856363967115,0.027837653103649593,0.18552096684773764,0.03433892806836724
20newsgroups,d-fedrecovery,AS,7,,3,"42,43,44",0.4781278224699277,0.027168998510280287,0.4069753844405489,0.013757430257150927,0.5554037016948498,0.033398264063158455,0.22017089808382223,0.05250970356196759,0.12127832824761127,0.01738936289813555,0.10563011161633463,0.028066457060894064,0.1174766222635905,0.008053988850415342
20newsgroups,d-fedrecovery,AS,8,,3,"42,43,44",0.471113194415568,0.02270690819711216,0.40200642171765194,0.027389028068779138,0.548446587566446,0.03360886300800445,0.14949868236257724,0.036503270792561014,0.0730178118563928,0.011044526315460521,0.11471318691281021,0.028771767629702575,0.09073956807454427,0.012104001109196138
20newsgroups,d-fedrecovery,AS,9,,3,"42,43,44",0.502732233547451,0.02094836021092427,0.40655748452030543,0.02616308674886758,0.551081229940142,0.010844525452634512,2.1206994493816467e-15,1.600457201381835e-15,9.853229343548264e-16,8.505359404188939e-16,0.11558977233808167,0.022893532930897968,0.005507230758666992,0.00024838257927603004
20newsgroups,d-fedrecovery,LS,,0.1,3,"42,43,44",0.600789196183933,0.008087726304406774,0.5497628490278682,0.017208726915191572,0.5711883442017601,0.02680616400091401,,,,,,,,
20newsgroups,d-fedrecovery,LS,,0.2,3,"42,43,44",0.6099639621930643,0.01733892133698747,0.5346861998997586,0.010057198368932057,0.5758063707496112,0.034841721683200655,,,,,,,,
20newsgroups,d-fedrecovery,LS,,0.3,3,"42,43,44",0.5303100439865146,0.01370418880253521,0.47035412137100263,0.01608071958554548,0.5731531421712757,0.035114364626468,,,,,,,,
20newsgroups,d-fedrecovery,LS,,0.4,3,"42,43,44",0.5142649779414485,0.018496695667565594,0.4623891145524083,0.018976244297116883,0.5720594635160461,0.03182473640656133,,,,,,,,
20newsgroups,d-fedrecovery,LS,,0.5,3,"42,43,44",0.5040606681847091,0.002129047621532453,0.4446165747703239,0.011902699279005715,0.5645815122079312,0.029914951634898008,,,,,,,,
20newsgroups,d-fedrecovery,LS,,0.6,3,"42,43,44",0.5049207688023477,0.016369595724570987,0.43718831069269853,0.00591097186627573,0.560322970230091,0.023639150086099257,,,,,,,,
20newsgroups,d-fedrecovery,LS,,0.7,3,"42,43,44",0.5156208752261384,0.015502399509076859,0.4329542983547627,0.016064733619527607,0.5551996308003975,0.02508891101575916,,,,,,,,
20newsgroups,d-fedrecovery,LS,,0.8,3,"42,43,44",0.5034786753207805,0.015376569418949628,0.42642532105249725,0.014104598724337765,0.5564853940867504,0.026947975348675577,,,,,,,,
20newsgroups,d-fedrecovery,LS,,0.9,3,"42,43,44",0.4858402653990889,0.032965264513586924,0.42152998540581166,0.010743110645696653,0.5551197512497822,0.0205936382510404,,,,,,,,
20newsgroups,d-fedrecovery,LS,,1.0,3,"42,43,44",0.48603049728049724,0.0180635337271235,0.41152654115351084,0.008877941067197507,0.5531332894667702,0.020540984151108447,,,,,,,,
20newsgroups,d-oblivionis,AS,1,,3,"42,43,44",0.22408055918475478,0.05872178077966394,0.22408055918475478,0.05872178077966394,0.5705742265008077,0.02124864931848196,2.081831849028232,0.10431259998274059,0.7722622920193936,0.06884663819149883,0.12419044010015405,0.1318998355879666,0.016400734583536785,0.001733774293554255
20newsgroups,d-oblivionis,AS,2,,3,"42,43,44",0.33239134574049184,0.16362620189946872,0.33239134574049184,0.16362620189946872,0.5420921478639302,0.04838196542310854,1.1143518887192545,0.07527492449982648,0.5176195306105046,0.017025424918577364,0.1310730635364205,0.08264562586058682,0.19585331281026205,0.011142998240759212
20newsgroups,d-oblivionis,AS,3,,3,"42,43,44",0.4243835793835794,0.03437902720741876,0.42438357938357935,0.03437902720741878,0.5783254928765765,0.013419825283766656,0.8095863240339504,0.06454323570886872,0.39829066236055677,0.03155856380214364,0.16690544432771365,0.07253771140343489,0.2356752554575602,0.033451741109102054
20newsgroups,d-oblivionis,AS,4,,3,"42,43,44",0.462622788431612,0.014173592466500585,0.42874681128620434,0.017863369763002866,0.5415441615242588,0.03628023339998525,0.6125755987468674,0.06890445981630446,0.24499125337156585,0.02808034008744505,0.15380060753169855,0.051436576126419276,0.24620413780212402,0.03113996084142296
20newsgroups,d-oblivionis,AS,5,,3,"42,43,44",0.5133260687246194,0.03485626521203717,0.44316456196204934,0.032307800231792506,0.5692032985442982,0.03733417945272184,0.43677973502357736,0.006068304311647626,0.20172050120484977,0.011665690174078374,0.12892537585667374,0.06196662727527221,0.22263113657633463,0.035095748801383504
20newsgroups,d-oblivionis,AS,6,,3,"42,43,44",0.4762283423204476,0.023978448908980054,0.43987198278080125,0.0198939216730696,0.5443172697042665,0.01006038459133246,0.3432411094332544,0.038339508080612206,0.14326661465807217,0.01796280249204623,0.116856363967115,0.027837653103649593,0.18563763300577799,0.02842275481619893
20newsgroups,d-oblivionis,AS,7,,3,"42,43,44",0.515914862914863,0.02387457753855605,0.43618397742365594,0.011707472000798325,0.5414424188449588,0.011856285118422584,0.22017089808382223,0.05250970356196759,0.12127832824761127,0.01738936289813555,0.10563011161633463,0.028066457060894064,0.11913442611694336,0.007561078370412161
20newsgroups,d-oblivionis,AS,8,,3,"42,43,44",0.5086403668371632,0.02485535147672424,0.4320216408583479,0.012131236506314471,0.5281827962444946,0.0025817889431225764,0.14949868236257724,0.036503270792561014,0.0730178118563928,0.011044526315460521,0.11471318691281021,0.028771767629702575,0.09077246983846028,0.013577272098147868
20newsgroups,d-oblivionis,AS,9,,3,"42,43,44",0.4852813852813852,0.031848970508744356,0.42412917191664506,0.019923293494696345,0.5465767877237728,0.012724530955600952,2.1206994493816467e-15,1.600457201381835e-15,9.853229343548264e-16,8.505359404188939e-16,0.11558977233808167,0.022893532930897968,0.005268414815266927,0.00019387602438579926
20newsgroups,d-oblivionis,LS,,0.1,3,"42,43,44",0.607079901093059,0.00625422069653762,0.5663878866136348,0.005434385037859645,0.5772925331748862,0.0278274095022038,,,,,,,,
20newsgroups,d-oblivionis,LS,,0.2,3,"42,43,44",0.6015604096912147,0.008414227707422004,0.5581962794273596,0.016278588357082787,0.5694989284035429,0.028026325130555745,,,,,,,,
20newsgroups,d-oblivionis,LS,,0.3,3,"42,43,44",0.5479846433522904,0.017969784860216397,0.49313192916220094,0.006477834236118419,0.5628853490714025,0.020791214014719325,,,,,,,,
20newsgroups,d-oblivionis,LS,,0.4,3,"42,43,44",0.5425227031883378,0.028444073596443603,0.47408821104796256,0.0028412404375307053,0.5573719262647465,0.02049902687700807,,,,,,,,
20newsgroups,d-oblivionis,LS,,0.5,3,"42,43,44",0.5261254729675783,0.01444959836031172,0.4702462363170399,0.014788364444229448,0.5543984029904715,0.014152216751602761,,,,,,,,
20newsgroups,d-oblivionis,LS,,0.6,3,"42,43,44",0.5247618787388608,0.010279069922849514,0.45448994013605293,0.021615627281610043,0.5505708184390183,0.009883156742585305,,,,,,,,
20newsgroups,d-oblivionis,LS,,0.7,3,"42,43,44",0.4946828707355023,0.015627540065778597,0.42497461949796317,0.012746637598552242,0.5491429852110966,0.010722230567344157,,,,,,,,
20newsgroups,d-oblivionis,LS,,0.8,3,"42,43,44",0.5039496325130327,0.009410878419125197,0.4258286313117044,0.017046567095509044,0.5410296672275148,0.003899191799069554,,,,,,,,
20newsgroups,d-oblivionis,LS,,0.9,3,"42,43,44",0.4870673462817426,0.01859957567612324,0.4255186705288172,0.009308700304647087,0.5444561946699643,0.0060865857887561605,,,,,,,,
20newsgroups,d-oblivionis,LS,,1.0,3,"42,43,44",0.4724373584899901,0.011731197706066095,0.4188483090816202,0.008845621537003807,0.551942495942201,0.00862916537153646,,,,,,,,
yahoo_subset,d-federaser,AS,1,,3,"42,43,44",0.5846203376722289,0.014605508226170889,0.5846203376722289,0.014605508226170889,0.4945,0.06209675246473575,2.1785280183940876,0.40439105546163845,0.5775215124266393,0.1063383974574826,0.014247980409271352,0.003480737655946051,0.014925718307495117,0.00025737511074473885
yahoo_subset,d-federaser,AS,2,,3,"42,43,44",0.6345339060213462,0.042824780602213466,0.6345339060213462,0.042824780602213466,0.5169666666666667,0.0881298410805834,1.180326565877363,0.20099122427048,0.4418019887525155,0.06782694921671503,0.0751023683024334,0.00828277426899331,0.19876368840535483,0.016840277659873927
yahoo_subset,d-federaser,AS,3,,3,"42,43,44",0.6581926704170165,0.018101197622155153,0.6581926704170165,0.018101197622155153,0.4777222222222222,0.08546687611923258,0.7359371020772195,0.02517712061177268,0.3134774738360333,0.008999741274698988,0.05807988967383558,0.0223655115496825,0.17936293284098306,0.022166763776252197
yahoo_subset,d-federaser,AS,4,,3,"42,43,44",0.6707881601058712,0.01062885442674908,0.6554344320136157,0.01367839638447631,0.47345833333333337,0.07457750535889195,0.6347752169721309,0.008546068670973258,0.16841443724329755,0.022368955581569965,0.08285939653858493,0.02354919154864508,0.18233728408813477,0.016803406999330594
yahoo_subset,d-federaser,AS,5,,3,"42,43,44",0.6853770857645097,0.01738589023502545,0.6531119057266278,0.028485461475185506,0.4772533333333333,0.058146509974565275,0.45150090737373505,0.016646825493499946,0.15889516332431236,0.029104451211613896,0.10808384454353598,0.00314725605105742,0.14542531967163086,0.019305765141428573
yahoo_subset,d-federaser,AS,6,,3,"42,43,44",0.6783540459624956,0.01703075402196147,0.6412192887292951,0.026829615194974947,0.47444444444444445,0.05788075278717338,0.369329791533979,0.03308475320120906,0.12172298316745944,0.024623408299129845,0.11000245336580067,0.013464626981708581,0.14779996871948242,0.009744013209205694
yahoo_subset,d-federaser,AS,7,,3,"42,43,44",0.6787431314059842,0.013475311269679525,0.6436805890934582,0.016693737160387745,0.475547619047619,0.05295628839642768,0.24536821525385552,0.042506622479645505,0.07675509467598336,0.018096469644314335,0.11018582017987004,0.007353372098721505,0.14424260457356772,0.07029606390161912
yahoo_subset,d-federaser,AS,8,,3,"42,43,44",0.6725409362959055,0.02281134214262954,0.6372838401550623,0.02689458598430903,0.4772583333333333,0.04982339679363058,0.17185862028179477,0.018713598452347834,0.0337305134708837,0.010751056121277646,0.11445270300519085,0.006095866288916567,0.1538538138071696,0.05044115401414045
yahoo_subset,d-federaser,AS,9,,3,"42,43,44",0.6873491966309911,0.005749709786604303,0.6392263458629102,0.017230992135968806,0.4779814814814815,0.05378780464630818,8.870219373828073e-16,5.155706605893566e-16,2.0816681711721685e-16,1.3738309013483032e-16,0.1071393158984705,0.006592600447763153,0.008691231409708658,0.002572368791756778
yahoo_subset,d-federaser,LS,,0.1,3,"42,43,44",0.6509597015443721,0.011647025635945319,0.5979660524612429,0.010145021880435643,0.4706407407407407,0.03871362020755437,,,,,,,,
yahoo_subset,d-federaser,LS,,0.2,3,"42,43,44",0.6594467278602986,0.003194329273905233,0.6321297788101828,0.0031224089858158167,0.47746666666666665,0.04040449899571396,,,,,,,,
yahoo_subset,d-federaser,LS,,0.3,3,"42,43,44",0.6854785842594477,0.007936684406371738,0.6419908279111748,0.009162712997557014,0.4712444444444445,0.042823015041960226,,,,,,,,
yahoo_subset,d-federaser,LS,,0.4,3,"42,43,44",0.6823301231455761,0.012403977638003048,0.646039857550004,0.0003966704734716144,0.47307037037037036,0.04122744534478292,,,,,,,,
yahoo_subset,d-federaser,LS,,0.5,3,"42,43,44",0.6839734734122493,0.0071428307124591,0.6451392240679473,0.003387173374125516,0.47158148148148143,0.04227330470650864,,,,,,,,
yahoo_subset,d-federaser,LS,,0.6,3,"42,43,44",0.6868727840180705,0.007022909815431958,0.6476194371320078,0.008156137510866582,0.47198518518518523,0.04519315867718095,,,,,,,,
yahoo_subset,d-federaser,LS,,0.7,3,"42,43,44",0.6770331278694899,0.003334609932523318,0.6439595880553878,0.010419341094005663,0.47288148148148157,0.04891496975485083,,,,,,,,
yahoo_subset,d-federaser,LS,,0.8,3,"42,43,44",0.6867096911769591,0.006190109551163779,0.6393001409986874,0.013947027490379642,0.4739962962962963,0.04777398118708183,,,,,,,,
yahoo_subset,d-federaser,LS,,0.9,3,"42,43,44",0.6869834579531209,0.004970227747507093,0.6390130541173575,0.011370139481616495,0.47374444444444447,0.04859206102916122,,,,,,,,
yahoo_subset,d-federaser,LS,,1.0,3,"42,43,44",0.6834746860232964,0.0026816146869450045,0.6387963653641985,0.010194335054744603,0.47377407407407407,0.04773610614518092,,,,,,,,
yahoo_subset,d-fedosd,AS,1,,3,"42,43,44",0.3340934592478112,0.18024689569952865,0.3340934592478112,0.18024689569952865,0.4870999999999999,0.04682228814001579,2.1785280183940876,0.40439105546163845,0.5775215124266393,0.1063383974574826,0.014247980409271352,0.003480737655946051,0.015521923700968424,0.0007452064832563096
yahoo_subset,d-fedosd,AS,2,,3,"42,43,44",0.38709721977738554,0.042400618038228505,0.38709721977738554,0.042400618038228505,0.5596,0.10701563748661529,1.180326565877363,0.20099122427048,0.4418019887525155,0.06782694921671503,0.0751023683024334,0.00828277426899331,0.2016587257385254,0.016418518804248355
yahoo_subset,d-fedosd,AS,3,,3,"42,43,44",0.5946308220313797,0.10625550124708283,0.5946308220313797,0.10625550124708283,0.5258777777777777,0.06491508033054404,0.7359371020772195,0.02517712061177268,0.3134774738360333,0.008999741274698988,0.05807988967383558,0.0223655115496825,0.1819023291269938,0.02422788710712562
yahoo_subset,d-fedosd,AS,4,,3,"42,43,44",0.636660007768165,0.05265041087836442,0.5507318188337654,0.05393574076010496,0.49586250000000004,0.07000189803974363,0.6347752169721309,0.008546068670973258,0.16841443724329755,0.022368955581569965,0.08285939653858493,0.02354919154864508,0.18294080098470053,0.011911569991077587
yahoo_subset,d-fedosd,AS,5,,3,"42,43,44",0.6297732587139192,0.08008221684870687,0.5212933008007296,0.09594841213750684,0.4914866666666667,0.02691492440181758,0.45150090737373505,0.016646825493499946,0.15889516332431236,0.029104451211613896,0.10808384454353598,0.00314725605105742,0.14632789293924967,0.023809296824008473
yahoo_subset,d-fedosd,AS,6,,3,"42,43,44",0.6554026920799928,0.0675987780921689,0.5684484217203206,0.03772201474781626,0.4929055555555556,0.06090445208644942,0.369329791533979,0.03308475320120906,0.12172298316745944,0.024623408299129845,0.11000245336580067,0.013464626981708581,0.14803218841552734,0.00793731747016251
yahoo_subset,d-fedosd,AS,7,,3,"42,43,44",0.6884170377664791,0.0038425212186419064,0.5613208717995344,0.05816416301079992,0.4903666666666667,0.06406688504709109,0.24536821525385552,0.042506622479645505,0.07675509467598336,0.018096469644314335,0.11018582017987004,0.007353372098721505,0.14233644803365073,0.06762163228811671
yahoo_subset,d-fedosd,AS,8,,3,"42,43,44",0.6795192928952216,0.0054203549681225045,0.5589640385917334,0.03728444333388936,0.4947791666666667,0.058382212557041346,0.17185862028179477,0.018713598452347834,0.0337305134708837,0.010751056121277646,0.11445270300519085,0.006095866288916567,0.15455381075541177,0.049292570421834714
yahoo_subset,d-fedosd,AS,9,,3,"42,43,44",0.6373096313108428,0.04150070973768471,0.552163791083259,0.024068590739285148,0.5002740740740741,0.0529898773882724,8.870219373828073e-16,5.155706605893566e-16,2.0816681711721685e-16,1.3738309013483032e-16,0.1071393158984705,0.006592600447763153,0.005542357762654622,0.00018778590878660735
yahoo_subset,d-fedosd,LS,,0.1,3,"42,43,44",0.7327275854520436,0.010842160994710498,0.7054724787238119,0.013040501184099017,0.5040555555555556,0.06959222025012252,,,,,,,,
yahoo_subset,d-fedosd,LS,,0.2,3,"42,43,44",0.7286746686381227,0.013739211196980213,0.701677896660459,0.006998590295696429,0.5070074074074074,0.07016432231697442,,,,,,,,
yahoo_subset,d-fedosd,LS,,0.3,3,"42,43,44",0.725710182948573,0.011114158096965598,0.6861414260575146,0.012053047770457155,0.49599999999999994,0.06797078590560443,,,,,,,,
yahoo_subset,d-fedosd,LS,,0.4,3,"42,43,44",0.7239692912965897,0.009279489491575177,0.6840254402647912,0.01225669953024051,0.4984925925925926,0.06724329166800525,,,,,,,,
yahoo_subset,d-fedosd,LS,,0.5,3,"42,43,44",0.7245314951090066,0.006616776073021085,0.6840068101884594,0.01229948029271499,0.49833333333333335,0.0695378944564192,,,,,,,,
yahoo_subset,d-fedosd,LS,,0.6,3,"42,43,44",0.7193003916883981,0.008240816038716889,0.6700076032453797,0.01486468414658576,0.5017703703703703,0.07271531746262254,,,,,,,,
yahoo_subset,d-fedosd,LS,,0.7,3,"42,43,44",0.685851601080502,0.025378231900324424,0.6133529864071073,0.023912795994040153,0.5054148148148148,0.060577316737826924,,,,,,,,
yahoo_subset,d-fedosd,LS,,0.8,3,"42,43,44",0.6812713609575008,0.029372841785717342,0.6038766529079536,0.022369740247347013,0.4977740740740741,0.05482207384367415,,,,,,,,
yahoo_subset,d-fedosd,LS,,0.9,3,"42,43,44",0.6662109215340246,0.048577021475892296,0.5944598134114013,0.0375632156332948,0.49981851851851855,0.05211250044213926,,,,,,,,
yahoo_subset,d-fedosd,LS,,1.0,3,"42,43,44",0.6657624560699056,0.03965712047411947,0.5947293720251604,0.03331609062214137,0.4992370370370371,0.05104601759401518,,,,,,,,
yahoo_subset,d-fedrecovery,AS,1,,3,"42,43,44",0.3855376927498012,0.08543457774849975,0.3855376927498012,0.08543457774849975,0.5419,0.03790998109557252,2.1785280183940876,0.40439105546163845,0.5775215124266393,0.1063383974574826,0.014247980409271352,0.003480737655946051,0.015388011932373047,0.0002749417996565275
yahoo_subset,d-fedrecovery,AS,2,,3,"42,43,44",0.562514958356929,0.06416963838091118,0.562514958356929,0.06416963838091118,0.5347333333333333,0.08595255797369979,1.180326565877363,0.20099122427048,0.4418019887525155,0.06782694921671503,0.0751023683024334,0.00828277426899331,0.19806845982869467,0.018800953619938304
yahoo_subset,d-fedrecovery,AS,3,,3,"42,43,44",0.6956305299995568,0.005482260223817148,0.6956305299995569,0.00548226022381715,0.46318888888888887,0.08913932637266694,0.7359371020772195,0.02517712061177268,0.3134774738360333,0.008999741274698988,0.05807988967383558,0.0223655115496825,0.17631165186564127,0.018413581742089288
yahoo_subset,d-fedrecovery,AS,4,,3,"42,43,44",0.7133330202848307,0.011226952770951986,0.6665606609404772,0.014216600673374472,0.45009999999999994,0.05823920858551106,0.6347752169721309,0.008546068670973258,0.16841443724329755,0.022368955581569965,0.08285939653858493,0.02354919154864508,0.18010743459065756,0.017826913964581872
yahoo_subset,d-fedrecovery,AS,5,,3,"42,43,44",0.6775020755614599,0.03189193888711612,0.6521621408984087,0.03413699050145036,0.51438,0.08736349351989083,0.45150090737373505,0.016646825493499946,0.15889516332431236,0.029104451211613896,0.10808384454353598,0.00314725605105742,0.14479931195576987,0.02139452250020728
yahoo_subset,d-fedrecovery,AS,6,,3,"42,43,44",0.7057255605852994,0.005890859397823276,0.6486993302745251,0.02296940911992554,0.482311111111111,0.03289397201709959,0.369329791533979,0.03308475320120906,0.12172298316745944,0.024623408299129845,0.11000245336580067,0.013464626981708581,0.14881261189778647,0.0022294322358372173
yahoo_subset,d-fedrecovery,AS,7,,3,"42,43,44",0.6871631883967325,0.004355788708172132,0.6272855062190084,0.031975591677821144,0.5078904761904762,0.0584213411911774,0.24536821525385552,0.042506622479645505,0.07675509467598336,0.018096469644314335,0.11018582017987004,0.007353372098721505,0.1419229507446289,0.0662703708193707
yahoo_subset,d-fedrecovery,AS,8,,3,"42,43,44",0.6980467434744243,0.020125400221259793,0.6292934250751978,0.021041596714911324,0.48889166666666667,0.0619339402217305,0.17185862028179477,0.018713598452347834,0.0337305134708837,0.010751056121277646,0.11445270300519085,0.006095866288916567,0.154772679011027,0.0504941790757816
yahoo_subset,d-fedrecovery,AS,9,,3,"42,43,44",0.6936111266347735,0.013184183911931446,0.6335064251504128,0.0189577154573201,0.49062962962962964,0.061711690159417604,8.870219373828073e-16,5.155706605893566e-16,2.0816681711721685e-16,1.3738309013483032e-16,0.1071393158984705,0.006592600447763153,0.005818843841552734,0.000629359570623137
yahoo_subset,d-fedrecovery,LS,,0.1,3,"42,43,44",0.7369492295443298,0.007488677164672721,0.7164464207899338,0.006550686505377803,0.4764629629629629,0.06822944908841118,,,,,,,,
yahoo_subset,d-fedrecovery,LS,,0.2,3,"42,43,44",0.7357904850542486,0.007890978149629479,0.7128713892161574,0.004155492117716337,0.4809185185185185,0.06876144264421036,,,,,,,,
yahoo_subset,d-fedrecovery,LS,,0.3,3,"42,43,44",0.7237839597498367,0.01047735037151092,0.6890289157151304,0.002019505972907143,0.49332592592592595,0.061096954813780614,,,,,,,,
yahoo_subset,d-fedrecovery,LS,,0.4,3,"42,43,44",0.7183012623613422,0.005272017195154578,0.6816789089068916,0.0060068207757871805,0.49407407407407405,0.06010582802369718,,,,,,,,
yahoo_subset,d-fedrecovery,LS,,0.5,3,"42,43,44",0.7192645479361727,0.01884613495960371,0.6809066565479593,0.008470806986283826,0.49495185185185187,0.06261828335359323,,,,,,,,
yahoo_subset,d-fedrecovery,LS,,0.6,3,"42,43,44",0.7198742029098066,0.010677822541261168,0.6753456314427383,0.0079336658165849,0.491437037037037,0.06010836875604784,,,,,,,,
yahoo_subset,d-fedrecovery,LS,,0.7,3,"42,43,44",0.7100610355188585,0.007550309514335091,0.6429693165522465,0.012255838489229303,0.48611481481481483,0.049581501539632214,,,,,,,,
yahoo_subset,d-fedrecovery,LS,,0.8,3,"42,43,44",0.7012616085515982,0.004314849010368267,0.634650708909383,0.026266327994418033,0.4945111111111111,0.040817747088322455,,,,,,,,
yahoo_subset,d-fedrecovery,LS,,0.9,3,"42,43,44",0.681494822225248,0.008854623963129164,0.6233906469718706,0.025255373695041956,0.5002111111111112,0.050269752173042345,,,,,,,,
yahoo_subset,d-fedrecovery,LS,,1.0,3,"42,43,44",0.692266820299253,0.008006519785921583,0.617108387864658,0.011614609089560062,0.49342592592592593,0.0500095220014082,,,,,,,,
yahoo_subset,d-oblivionis,AS,1,,3,"42,43,44",0.4279346171873441,0.023758612586307324,0.4279346171873441,0.023758612586307324,0.4706666666666667,0.017936988475091203,2.1785280183940876,0.40439105546163845,0.5775215124266393,0.1063383974574826,0.014247980409271352,0.003480737655946051,0.015424489974975586,0.0007881835762050564
yahoo_subset,d-oblivionis,AS,2,,3,"42,43,44",0.6112537513881462,0.06066627027950282,0.6112537513881462,0.06066627027950282,0.5188,0.07244768227256594,1.180326565877363,0.20099122427048,0.4418019887525155,0.06782694921671503,0.0751023683024334,0.00828277426899331,0.19695162773132324,0.01624755541148599
yahoo_subset,d-oblivionis,AS,3,,3,"42,43,44",0.6937763760540662,0.013840792556779285,0.6936796783711616,0.013722220332527617,0.5131888888888889,0.07891463898994645,0.7359371020772195,0.02517712061177268,0.3134774738360333,0.008999741274698988,0.05807988967383558,0.0223655115496825,0.1909797191619873,0.012192149641911343
yahoo_subset,d-oblivionis,AS,4,,3,"42,43,44",0.684899759033088,0.03057552204597672,0.660631906380383,0.020470217240778615,0.48820833333333336,0.04990720277564042,0.6347752169721309,0.008546068670973258,0.16841443724329755,0.022368955581569965,0.08285939653858493,0.02354919154864508,0.17830697695414224,0.018525736278167892
yahoo_subset,d-oblivionis,AS,5,,3,"42,43,44",0.687378338611479,0.014758782911093078,0.6367515809702082,0.007112822211760753,0.4884933333333333,0.048979294491538886,0.45150090737373505,0.016646825493499946,0.15889516332431236,0.029104451211613896,0.10808384454353598,0.00314725605105742,0.1591049830118815,0.017855663263739576
yahoo_subset,d-oblivionis,AS,6,,3,"42,43,44",0.6978538214800161,0.013730223296279492,0.6100861883848119,0.012525175648775248,0.500211111111111,0.05156998540877949,0.369329791533979,0.03308475320120906,0.12172298316745944,0.024623408299129845,0.11000245336580067,0.013464626981708581,0.14711260795593262,0.007434605511022607
yahoo_subset,d-oblivionis,AS,7,,3,"42,43,44",0.6801093262199961,0.011808583556156065,0.6070968223041611,0.03887426574509348,0.4925,0.05760056098555238,0.24536821525385552,0.042506622479645505,0.07675509467598336,0.018096469644314335,0.11018582017987004,0.007353372098721505,0.14269057909647623,0.06844584960062716
yahoo_subset,d-oblivionis,AS,8,,3,"42,43,44",0.6823865675536829,0.004078411371575498,0.5953478785447759,0.012563011965088975,0.4978708333333333,0.048164475512444745,0.17185862028179477,0.018713598452347834,0.0337305134708837,0.010751056121277646,0.11445270300519085,0.006095866288916567,0.15376766522725424,0.04988387466349326
yahoo_subset,d-oblivionis,AS,9,,3,"42,43,44",0.6764017435603786,0.005085068679754878,0.6000551599923635,0.019687035953001863,0.49045185185185186,0.03839585168493854,8.870219373828073e-16,5.155706605893566e-16,2.0816681711721685e-16,1.3738309013483032e-16,0.1071393158984705,0.006592600447763153,0.005545775095621745,0.00036170208758410814
yahoo_subset,d-oblivionis,LS,,0.1,3,"42,43,44",0.7315327074674227,0.0071944710888193555,0.6980865729545674,0.00498970046660318,0.5024037037037037,0.06311550932335715,,,,,,,,
yahoo_subset,d-oblivionis,LS,,0.2,3,"42,43,44",0.7251874983042479,0.011727320278411339,0.6950030921021123,0.007618471928209971,0.5046111111111111,0.0654694556998119,,,,,,,,
yahoo_subset,d-oblivionis,LS,,0.3,3,"42,43,44",0.7202440226325675,0.005986884964760283,0.6800393605847336,0.016144880014127904,0.4950111111111112,0.05989382856011527,,,,,,,,
yahoo_subset,d-oblivionis,LS,,0.4,3,"42,43,44",0.7202740652747159,0.002906020326388691,0.67682083117416,0.011366655369849075,0.4968444444444444,0.06317973381893988,,,,,,,,
yahoo_subset,d-oblivionis,LS,,0.5,3,"42,43,44",0.7221474429958749,0.01883358081139685,0.6692957751549357,0.013822174794990923,0.4924925925925926,0.0597573049985177,,,,,,,,
yahoo_subset,d-oblivionis,LS,,0.6,3,"42,43,44",0.7136862306765389,0.013595532118730195,0.6518023750528859,0.016329182038098432,0.4951592592592593,0.0554829275883338,,,,,,,,
yahoo_subset,d-oblivionis,LS,,0.7,3,"42,43,44",0.7103335380936,0.0079098533571783,0.6415851209338143,0.014447055847180115,0.5001,0.05442461543669461,,,,,,,,
yahoo_subset,d-oblivionis,LS,,0.8,3,"42,43,44",0.705897111602994,0.014598273263013783,0.6183752378988694,0.03117516833671766,0.49195185185185186,0.0370378188806366,,,,,,,,
yahoo_subset,d-oblivionis,LS,,0.9,3,"42,43,44",0.7061758712231633,0.01223650195944456,0.6093367798724693,0.031555507004674715,0.48944814814814813,0.0392677684698732,,,,,,,,
yahoo_subset,d-oblivionis,LS,,1.0,3,"42,43,44",0.7057845710191024,0.018905143000037126,0.617282650022897,0.0172472304293672,0.4907666666666667,0.037836745916685115,,,,,,,,
